ufid,class1,section1,class2,section2,class3,section3,class4,section4,timeArray
10021489,COP3503,23,COP4600,24,CEN3415,25,CDA3101,26,0,1,1,1,0,1,1,1,1,0,0,0,1,0,0,0,0,0,1,1,0,1,1,0,1,1,1,0,0,0,0,1,1,0,1,1,0,1,0,1,0,1,1,0,0,1,1,0,0,0
10025962,COP3503,23,COP4600,24,CEN3415,25,CDA3101,26,1,1,0,0,1,1,0,0,0,0,1,1,1,1,1,0,1,1,0,0,0,1,1,0,1,1,1,0,1,0,0,0,0,1,1,1,0,0,1,0,0,0,0,0,1,0,1,1,0,0
10006005,COP3503,23,COP4600,24,CEN3415,25,CDA3101,26,0,0,1,0,0,0,0,1,0,1,0,0,1,0,1,1,0,1,1,1,0,1,1,1,0,1,0,0,1,0,1,1,1,1,1,1,1,1,1,0,0,0,1,1,0,1,0,1,0,0
10028717,COP3503,23,COP4600,24,CEN3415,25,CDA3101,26,1,0,1,1,1,0,0,0,1,0,1,1,0,0,1,0,0,1,1,1,1,0,0,1,0,0,0,1,0,0,1,1,1,0,1,0,0,0,1,1,0,1,0,0,1,1,0,1,0,1
10029124,COP3503,23,COP4600,24,CEN3415,25,CDA3101,26,1,1,0,0,0,1,1,0,1,1,0,1,0,0,0,0,1,0,1,0,1,0,0,0,0,1,0,1,1,0,0,0,1,0,1,0,1,1,0,1,1,1,0,0,0,0,0,0,0,1
10023063,COP3503,23,COP4600,24,CEN3415,25,CDA3101,26,0,0,0,0,1,0,1,0,0,1,1,0,1,1,1,0,1,0,0,0,0,1,0,1,0,1,1,0,1,1,0,1,1,0,1,0,0,0,0,0,0,0,0,0,1,0,1,1,0,1
10023005,COP3503,23,COP4600,24,CEN3415,25,CDA3101,26,1,1,1,1,1,1,0,0,0,0,1,1,0,1,1,0,0,1,0,1,0,0,0,1,1,1,0,1,1,1,1,0,1,0,1,1,0,1,1,0,0,0,1,0,0,0,0,0,1,0
10023735,COP3503,23,COP4600,24,CEN3415,25,CDA3101,26,1,1,0,1,1,1,0,1,0,1,0,1,0,1,1,0,1,0,0,0,0,0,1,0,1,0,0,0,0,0,1,1,0,0,0,1,1,0,0,0,1,1,1,1,0,0,0,1,0,0
10000864,COP3503,23,COP4600,24,CEN3415,25,CDA3101,26,0,1,1,0,0,1,1,1,1,0,0,0,0,1,1,1,1,0,1,0,1,1,0,0,1,1,1,1,0,1,0,1,1,1,0,1,1,0,1,1,1,1,1,1,1,1,1,0,0,1
10013570,COP3503,23,COP4600,24,CEN3415,25,CDA3101,26,0,0,0,1,0,1,0,0,0,1,1,1,1,1,0,0,0,1,0,0,1,1,0,1,1,1,1,1,1,0,1,1,0,0,1,0,1,1,1,0,0,0,1,0,1,1,0,1,1,0
10010641,COP3503,23,COP4600,24,CEN3415,25,CDA3101,26,0,1,1,0,1,0,0,1,1,1,1,1,0,0,0,1,1,1,1,1,0,1,0,0,0,1,0,0,1,0,1,0,1,1,1,0,0,1,0,1,1,0,1,0,0,0,0,1,1,0
10022129,COP3503,23,COP4600,24,CEN3415,25,CDA3101,26,0,0,0,1,0,1,1,0,0,1,1,0,1,1,1,0,1,0,1,1,1,0,0,0,1,1,0,0,0,1,0,0,0,1,0,1,0,1,1,1,0,0,1,1,1,0,1,0,0,0
10014416,COP3503,23,COP4600,24,CEN3415,25,CDA3101,26,1,1,1,1,1,0,0,1,0,1,0,1,1,0,1,1,1,1,1,1,1,0,0,0,0,0,0,1,1,1,1,0,0,0,1,1,1,0,0,1,0,1,1,1,1,1,1,1,0,0
10027254,COP3503,23,COP4600,24,CEN3415,25,CDA3101,26,0,0,1,0,1,0,1,1,1,0,1,1,1,0,0,1,0,0,0,0,1,1,1,0,0,0,0,0,1,0,0,1,1,1,1,1,1,1,1,1,0,0,0,1,1,1,0,1,1,0
10026589,COP3503,23,COP4600,24,CEN3415,25,CDA3101,26,0,0,0,0,1,0,1,0,0,0,1,0,0,0,1,1,0,0,1,1,0,1,0,0,0,1,1,1,1,0,0,0,0,0,1,0,1,0,0,1,1,0,1,1,0,0,0,1,1,0
10002932,COP3503,23,COP4600,24,CEN3415,25,CDA3101,26,0,0,0,1,0,0,1,0,0,0,0,0,0,0,1,0,0,1,0,1,1,0,0,0,1,0,1,0,0,0,1,0,1,0,0,0,1,1,1,1,0,1,0,0,0,0,0,0,1,1
10031348,COP3503,23,COP4600,24,CEN3415,25,CDA3101,26,1,1,0,0,0,1,0,1,0,1,0,1,0,1,1,1,0,1,0,1,1,0,0,0,1,0,0,0,1,0,0,0,0,1,0,0,1,0,0,0,0,1,0,1,1,0,0,1,0,0
10005574,COP3503,23,COP4600,24,CEN3415,25,CDA3101,26,1,0,1,0,0,0,1,1,1,1,0,1,0,0,0,1,0,1,1,1,0,0,1,1,0,0,1,1,0,1,1,0,1,0,1,0,1,1,0,0,0,1,0,0,0,1,1,1,0,0
10027433,COP3503,23,COP4600,24,CEN3415,25,CDA3101,26,0,1,1,0,1,0,1,1,0,0,1,0,1,1,0,1,0,0,1,0,0,1,1,1,0,0,0,1,0,0,0,1,0,1,1,1,1,0,0,1,0,0,0,0,1,1,0,1,0,1
10012925,COP3503,23,COP4600,24,CEN3415,25,CDA3101,26,0,1,0,1,1,0,1,0,1,1,0,0,0,1,1,1,0,0,0,0,0,0,0,0,1,0,1,0,0,1,1,0,1,1,1,0,1,0,1,1,1,1,1,1,0,1,1,1,0,0
10005014,COP3503,23,COP4600,24,CEN3415,25,CDA3101,26,1,1,0,1,0,1,1,1,0,0,1,0,0,0,1,0,1,1,0,1,1,0,1,1,1,0,0,0,1,0,1,0,1,1,1,0,1,1,1,0,1,1,0,0,0,0,0,1,0,1
10014035,COP3503,23,COP4600,24,CEN3415,25,CDA3101,26,1,0,0,1,1,0,0,0,1,0,1,0,0,1,0,0,1,1,0,0,0,0,1,0,1,0,0,1,0,1,0,0,0,1,1,1,0,1,1,1,0,0,0,0,1,1,1,1,0,0
10010798,COP3503,23,COP4600,24,CEN3415,25,CDA3101,26,1,1,1,1,0,1,0,0,1,1,0,1,0,1,1,0,1,0,0,1,1,1,1,0,1,1,0,0,1,1,0,1,1,1,0,1,1,0,1,1,0,1,1,0,0,0,0,0,1,1
10026771,COP3503,23,COP4600,24,CEN3415,25,CDA3101,26,1,0,1,0,0,0,1,0,0,1,0,0,0,0,0,1,1,1,0,1,0,0,0,1,1,0,0,0,0,1,1,1,0,0,1,1,1,0,0,1,1,1,0,0,1,1,1,1,1,0
10003407,COP3503,23,COP4600,24,CEN3415,25,CDA3101,26,0,0,0,0,1,1,0,1,1,1,0,0,0,0,1,1,0,0,0,0,0,0,0,1,0,1,1,1,0,0,0,0,0,0,1,1,1,0,1,1,1,1,1,1,0,0,1,0,0,1
10031448,COP3503,23,COP4600,24,CEN3415,25,CDA3101,26,1,1,0,1,1,1,1,0,0,0,1,0,1,0,1,1,1,1,1,0,1,1,0,1,0,0,0,0,0,1,1,0,1,0,1,0,1,0,0,1,1,1,1,0,1,1,0,1,0,0
10010103,COP3503,23,COP4600,24,CEN3415,25,CDA3101,26,1,1,0,0,0,1,0,1,1,1,0,1,1,0,0,0,1,1,1,1,0,0,1,1,0,1,1,1,0,0,0,1,1,1,0,0,1,0,1,1,1,1,1,0,0,1,0,1,1,0
10030712,COP3503,23,COP4600,24,CEN3415,25,CDA3101,26,0,0,1,1,1,1,1,0,1,0,0,1,0,1,1,1,0,0,1,1,1,0,0,0,1,0,0,1,1,1,1,0,0,0,0,0,1,1,1,1,0,1,0,0,1,1,1,0,0,0
10026396,COP3503,23,COP4600,24,CEN3415,25,CDA3101,26,0,0,1,0,0,0,1,0,1,0,0,0,1,1,0,1,1,0,1,0,0,0,0,1,1,1,0,0,1,0,0,1,1,1,1,1,1,0,0,1,0,1,0,0,1,0,1,0,0,0
10007288,COP3503,23,COP4600,24,CEN3415,25,CDA3101,26,0,1,0,0,1,0,0,1,0,0,0,0,0,0,1,0,0,0,1,1,0,0,1,0,1,0,1,1,0,1,0,0,0,1,1,0,1,0,1,0,0,0,1,1,1,0,0,1,1,1
10022810,COP3503,23,COP4600,24,CEN3415,25,CDA3101,26,1,1,1,0,1,0,1,1,1,1,1,1,0,0,0,1,1,1,0,0,1,0,1,1,1,1,1,1,0,1,0,1,1,0,0,1,1,1,1,1,0,0,0,0,1,1,0,0,1,0
10013396,COP3503,23,COP4600,24,CEN3415,25,CDA3101,26,1,1,1,0,1,1,0,1,0,0,1,0,1,1,0,1,0,1,0,0,0,1,0,0,0,0,1,0,1,0,0,0,1,1,1,1,0,0,0,1,1,0,1,1,1,0,1,0,0,1
10032443,COP3503,23,COP4600,24,CEN3415,25,CDA3101,26,0,1,0,1,0,1,1,0,0,0,1,0,0,1,0,0,0,0,0,1,1,1,0,1,1,0,0,0,1,1,0,0,1,0,1,1,0,0,0,0,0,0,1,0,0,1,1,0,0,1
10009994,COP3503,23,COP4600,24,CEN3415,25,CDA3101,26,1,1,1,1,0,1,1,0,0,1,0,0,1,0,0,0,0,0,1,0,0,1,0,0,1,1,1,0,0,1,1,1,0,1,0,0,1,1,0,1,1,0,0,0,0,1,0,1,0,1
10002231,COP3503,23,COP4600,24,CEN3415,25,CDA3101,26,0,0,0,1,1,1,0,0,1,0,1,0,1,0,0,1,1,0,1,0,1,0,0,0,1,0,0,1,0,0,0,0,1,1,1,0,1,0,1,0,1,1,1,1,1,0,1,0,0,0
10022560,COP3503,23,COP4600,24,CEN3415,25,CDA3101,26,1,1,0,1,1,1,1,0,0,0,0,1,1,1,0,0,0,0,0,0,0,1,0,1,0,0,0,0,1,0,1,0,1,0,0,1,0,1,1,0,0,0,1,0,1,0,1,0,0,1
10018123,COP3503,23,COP4600,24,CEN3415,25,CDA3101,26,0,1,1,1,1,0,0,0,1,0,0,1,0,1,0,1,1,0,0,0,0,0,1,1,1,0,0,1,1,0,1,0,1,0,0,0,0,1,1,0,1,0,1,0,0,0,0,1,0,1
10010531,COP3503,23,COP4600,24,CEN3415,25,CDA3101,26,0,0,1,1,1,1,0,1,1,1,1,0,0,1,0,1,1,1,1,0,0,0,1,0,0,0,1,1,1,1,0,0,1,0,0,0,1,0,0,1,0,0,1,1,1,1,0,0,0,0
10026545,COP3503,23,COP4600,24,CEN3415,25,CDA3101,26,0,0,0,1,1,1,1,1,1,1,0,0,1,1,0,1,1,0,0,0,0,1,1,1,1,0,1,1,0,0,1,0,0,0,0,0,0,1,1,0,1,1,1,0,1,0,0,1,1,0
10003920,COP3503,23,COP4600,24,CEN3415,25,CDA3101,26,1,0,0,0,1,0,1,1,1,0,0,1,0,1,0,0,0,0,1,1,0,1,1,1,1,1,1,0,1,1,0,0,0,1,0,1,1,0,0,0,1,0,0,0,1,1,0,0,0,0
10010147,COP3503,23,COP4600,24,CEN3415,25,CDA3101,26,1,1,0,1,0,0,1,0,0,0,1,0,1,0,0,1,0,1,0,1,1,1,1,1,0,0,0,1,1,0,0,0,1,0,1,1,0,0,0,0,0,1,1,1,1,0,0,1,1,0
10008803,COP3503,23,COP4600,24,CEN3415,25,CDA3101,26,0,0,1,1,1,1,1,1,1,0,1,1,1,0,1,0,1,0,0,1,0,0,1,1,1,0,1,0,0,1,0,0,1,1,0,1,0,0,1,1,0,0,0,0,0,0,0,0,1,0
10021420,COP3503,23,COP4600,24,CEN3415,25,CDA3101,26,0,0,0,1,1,0,1,0,0,0,1,0,1,1,0,1,0,0,1,1,0,0,1,0,1,1,1,1,1,1,1,1,0,0,0,1,1,0,0,0,0,1,0,1,1,0,1,0,0,1
10006980,COP3503,23,COP4600,24,CEN3415,25,CDA3101,26,0,1,1,1,0,1,1,0,1,0,0,1,1,0,1,1,0,1,1,0,1,1,1,0,1,1,1,1,1,0,1,0,1,1,1,0,1,1,1,1,0,0,0,0,0,0,0,0,0,1
10009841,COP3503,23,COP4600,24,CEN3415,25,CDA3101,26,1,0,0,0,1,0,1,1,1,1,0,1,0,1,0,0,0,0,1,1,0,1,1,1,1,1,1,1,0,0,1,0,1,0,1,1,0,0,0,0,1,0,1,1,0,1,0,1,0,0
10014468,COP3503,23,COP4600,24,CEN3415,25,CDA3101,26,0,0,0,0,1,0,1,0,1,1,0,0,1,1,0,1,0,1,1,0,0,1,1,0,0,0,1,0,0,0,1,1,0,0,0,0,0,1,0,1,0,1,1,1,0,1,1,1,0,0
10001862,COP3503,23,COP4600,24,CEN3415,25,CDA3101,26,0,0,0,1,1,1,1,0,0,1,0,0,0,1,0,0,1,0,1,1,0,0,1,0,1,1,1,0,0,0,0,0,0,1,0,1,1,0,1,0,0,0,0,1,1,1,0,1,0,1
10015343,COP3503,23,COP4600,24,CEN3415,25,CDA3101,26,0,0,1,0,1,0,0,0,0,0,1,1,0,1,1,1,0,1,1,0,1,0,1,1,0,1,0,0,0,0,0,0,0,0,1,1,1,1,1,0,1,1,0,0,0,0,1,0,1,1
10011927,COP3503,23,COP4600,24,CEN3415,25,CDA3101,26,0,0,1,0,0,0,1,0,0,0,1,1,0,1,1,0,0,0,0,0,1,0,0,1,1,1,1,1,1,1,0,1,0,0,1,1,1,0,0,1,0,0,0,0,1,0,0,1,1,0
10032671,COP3503,23,COP4600,24,CEN3415,25,CDA3101,26,1,0,1,0,1,0,0,1,1,0,0,1,1,1,1,1,0,0,0,0,0,0,0,1,1,1,0,1,0,0,0,0,0,0,0,0,1,0,0,1,1,0,1,0,0,1,1,0,1,1
10013080,COP3503,24,COP4600,45,CEN3415,45,CDA3101,67,1,1,1,1,1,0,0,1,0,0,1,0,0,0,1,0,0,1,1,0,0,1,0,0,0,0,0,1,1,1,1,1,1,1,0,0,1,1,1,1,0,0,0,0,1,1,1,0,1,0
10019017,COP3503,24,COP4600,45,CEN3415,45,CDA3101,67,0,0,1,0,1,1,1,0,1,0,0,0,1,0,1,0,0,1,0,0,1,0,0,1,0,1,0,0,0,1,0,1,1,1,1,0,1,0,1,0,0,1,1,0,1,0,1,1,0,0
10006465,COP3503,24,COP4600,45,CEN3415,45,CDA3101,67,1,1,0,0,1,1,1,0,0,0,1,1,0,1,0,1,0,1,0,0,1,1,0,1,0,0,1,1,1,1,0,0,0,0,1,0,1,1,0,0,1,1,0,1,0,0,0,0,0,1
10025025,COP3503,24,COP4600,45,CEN3415,45,CDA3101,67,0,1,1,1,1,0,1,1,0,1,0,0,0,0,1,0,0,1,1,0,1,1,1,0,1,1,1,1,0,1,1,0,1,0,1,0,0,1,1,0,1,0,0,1,1,1,1,1,1,1
10015087,COP3503,24,COP4600,45,CEN3415,45,CDA3101,67,0,1,1,1,0,1,1,1,0,1,0,0,1,1,0,0,1,0,0,1,0,0,1,0,1,1,1,1,0,1,0,0,0,1,0,1,0,0,0,1,0,1,1,0,1,1,0,1,0,0
10012274,COP3503,24,COP4600,45,CEN3415,45,CDA3101,67,0,1,0,0,0,1,0,0,0,0,1,0,1,1,0,1,1,1,1,1,0,1,0,0,0,1,1,0,0,1,0,1,0,1,1,1,1,0,0,0,1,1,1,1,1,0,0,0,1,0
10020298,COP3503,24,COP4600,45,CEN3415,45,CDA3101,67,1,0,0,0,0,1,1,1,0,0,1,1,1,0,1,1,0,0,0,0,0,1,1,0,0,1,1,0,0,1,1,1,0,1,0,1,1,0,0,1,1,1,1,1,0,1,0,0,1,0
10029102,COP3503,24,COP4600,45,CEN3415,45,CDA3101,67,1,1,0,0,0,1,0,1,0,1,0,1,0,0,0,1,0,1,0,1,1,1,1,0,1,0,0,0,0,1,0,1,1,0,1,1,1,0,1,1,0,1,1,1,1,1,1,0,1,1
10004934,COP3503,24,COP4600,45,CEN3415,45,CDA3101,67,0,1,1,1,0,0,1,0,0,1,1,0,1,1,1,1,0,0,0,0,0,0,1,0,1,0,0,1,0,1,1,1,0,1,1,0,1,0,1,0,1,1,0,1,0,1,0,1,0,1
10010279,COP3503,24,COP4600,45,CEN3415,45,CDA3101,67,0,0,1,1,0,0,1,0,1,1,0,1,1,0,0,1,0,0,0,1,1,1,1,1,1,1,1,0,0,0,1,0,0,1,1,1,1,1,1,1,0,1,1,0,1,0,0,0,1,0
10008528,COP3503,24,COP4600,45,CEN3415,45,CDA3101,67,0,0,1,1,0,1,1,1,1,1,1,1,1,1,0,1,1,1,0,0,1,1,1,0,1,1,1,1,0,0,1,1,0,0,1,0,1,1,1,1,1,1,1,1,0,0,0,1,0,1
10013555,COP3503,24,COP4600,45,CEN3415,45,CDA3101,67,0,0,0,0,0,0,1,0,1,0,1,0,1,1,1,0,1,0,0,0,1,1,1,0,0,0,0,1,0,1,0,1,1,1,0,1,1,1,0,1,0,0,1,0,1,0,0,1,0,0
10031495,COP3503,24,COP4600,45,CEN3415,45,CDA3101,67,0,1,1,1,0,1,1,0,0,0,0,0,1,1,0,1,0,0,0,1,0,0,0,1,1,0,1,0,0,1,0,1,1,0,0,0,1,1,0,0,0,1,1,0,0,0,1,0,1,1
10030185,COP3503,24,COP4600,45,CEN3415,45,CDA3101,67,0,0,1,1,0,0,0,0,0,0,1,0,1,0,0,0,0,1,1,1,1,1,0,0,0,1,0,1,1,0,1,1,1,0,1,1,1,0,1,0,1,0,1,0,1,0,0,1,1,1
10012821,COP3503,24,COP4600,45,CEN3415,45,CDA3101,67,0,1,0,0,0,0,0,1,0,1,1,0,1,1,0,0,0,1,1,0,1,1,0,1,1,0,1,1,0,0,0,0,0,0,0,1,1,1,1,0,1,1,0,0,1,0,1,1,1,1
10012594,COP3503,24,COP4600,45,CEN3415,45,CDA3101,67,1,1,1,0,0,1,0,0,1,1,0,1,0,1,1,1,0,1,1,1,1,1,1,1,1,1,1,0,0,1,1,0,1,1,1,1,0,0,1,0,0,0,1,0,1,1,1,1,1,1
10003458,COP3503,24,COP4600,45,CEN3415,45,CDA3101,67,1,0,1,0,0,1,0,1,0,0,1,0,1,0,1,0,0,1,0,0,1,1,0,0,0,1,1,0,1,0,0,0,1,1,1,0,1,1,0,1,1,0,0,1,1,1,0,0,0,1
10031594,COP3503,24,COP4600,45,CEN3415,45,CDA3101,67,0,0,1,0,1,1,0,1,0,0,1,0,0,0,0,1,0,0,0,1,0,1,1,1,1,1,0,0,0,0,0,1,1,0,0,1,1,0,0,1,0,1,0,1,0,1,1,1,0,1
10003864,COP3503,24,COP4600,45,CEN3415,45,CDA3101,67,0,1,1,0,1,1,0,1,1,1,0,0,1,1,1,1,1,0,0,1,0,0,1,1,0,1,0,0,1,1,0,0,1,1,0,1,1,0,1,1,0,0,0,1,0,1,1,0,0,1
10018601,COP3503,24,COP4600,45,CEN3415,45,CDA3101,67,1,0,1,0,0,1,1,0,0,1,0,0,0,0,0,1,1,0,1,1,0,1,0,1,0,0,1,1,1,0,1,0,0,0,1,0,1,0,1,1,1,1,0,0,0,0,1,0,0,0
10026797,COP3503,24,COP4600,45,CEN3415,45,CDA3101,67,0,1,1,1,0,1,0,0,0,0,1,1,1,1,0,0,0,0,0,0,0,0,0,0,0,0,0,0,0,1,1,1,0,0,0,0,1,1,0,0,1,1,0,0,1,0,0,1,1,0
10024251,COP3503,24,COP4600,45,CEN3415,45,CDA3101,67,1,0,1,1,1,1,0,0,1,0,0,1,1,0,0,0,1,1,1,0,1,1,0,1,0,1,1,1,1,1,1,1,1,1,1,0,1,0,0,0,1,0,0,1,0,1,1,0,1,1
10021363,COP3503,24,COP4600,45,CEN3415,45,CDA3101,67,1,0,0,0,0,0,1,0,1,0,1,1,1,0,0,0,1,1,1,1,0,1,0,1,1,1,1,1,0,0,1,1,0,0,0,1,1,1,0,1,1,0,0,0,1,1,0,1,1,1
10012803,COP3503,24,COP4600,45,CEN3415,45,CDA3101,67,1,0,1,1,0,1,1,1,0,0,0,0,0,1,1,0,0,1,0,1,1,1,0,0,0,1,0,1,0,0,1,0,1,1,1,0,1,0,1,0,0,0,1,1,1,0,1,1,0,0
10025502,COP3503,24,COP4600,45,CEN3415,45,CDA3101,67,0,1,1,0,0,0,0,0,0,0,0,0,1,0,0,0,0,1,1,0,0,0,1,0,0,0,0,1,1,1,0,0,0,1,0,1,1,1,1,1,0,1,0,1,1,0,1,0,1,0
10010164,COP3503,24,COP4600,45,CEN3415,45,CDA3101,67,1,0,0,0,1,0,0,1,1,1,1,1,1,1,0,0,0,1,1,0,0,1,0,0,1,0,1,0,0,1,1,1,0,0,1,1,0,0,1,1,0,0,0,1,0,0,0,1,0,1
10028919,COP3503,24,COP4600,45,CEN3415,45,CDA3101,67,1,0,0,1,0,1,1,0,0,1,0,0,1,0,1,1,0,0,0,1,0,1,0,0,1,0,0,1,1,0,1,1,0,0,1,0,1,1,1,0,1,0,0,1,0,0,0,1,1,1
10005986,COP3503,24,COP4600,45,CEN3415,45,CDA3101,67,0,1,1,0,0,0,1,1,1,1,0,0,1,0,1,1,1,1,0,0,1,1,0,1,0,0,1,1,1,1,0,1,0,1,1,1,1,1,0,0,0,0,1,1,1,1,1,1,0,1
10004421,COP3503,24,COP4600,45,CEN3415,45,CDA3101,67,1,0,1,0,1,1,0,0,1,1,1,0,0,1,0,0,1,1,0,0,0,0,0,1,0,1,1,1,1,1,1,1,0,1,1,1,0,1,0,0,1,0,1,0,0,1,0,1,0,1
10000803,COP3503,24,COP4600,45,CEN3415,45,CDA3101,67,0,1,1,1,1,0,1,1,0,1,0,1,1,0,0,1,1,0,1,0,0,1,0,1,1,1,1,1,0,1,1,1,1,1,0,0,1,1,0,1,1,0,0,0,0,0,1,0,1,0
10031621,COP3503,24,COP4600,45,CEN3415,45,CDA3101,67,1,1,1,0,1,1,1,1,0,0,1,1,0,0,0,1,1,0,0,0,0,1,0,1,0,1,0,0,1,1,1,0,1,0,1,0,0,1,0,1,0,0,1,1,0,0,0,0,0,1
10010412,COP3503,24,COP4600,45,CEN3415,45,CDA3101,67,0,0,1,1,1,1,1,1,1,0,1,0,0,1,1,1,1,0,0,0,1,0,1,0,1,0,0,1,1,0,1,0,1,1,0,1,0,0,1,1,0,1,0,1,1,1,1,1,1,1
10002925,COP3503,24,COP4600,45,CEN3415,45,CDA3101,67,1,1,1,0,0,0,0,1,1,0,1,1,0,1,0,1,1,0,0,1,1,1,0,1,0,1,1,1,1,0,0,0,1,1,0,0,1,0,1,1,0,1,1,1,0,0,1,1,1,1
10005944,COP3503,24,COP4600,45,CEN3415,45,CDA3101,67,0,0,1,1,0,0,0,0,0,1,0,0,1,0,1,0,0,0,0,1,1,0,0,1,0,0,0,1,0,0,1,0,1,1,0,1,1,0,1,0,1,1,1,1,0,0,1,0,1,0
10004783,COP3503,24,COP4600,45,CEN3415,45,CDA3101,67,0,0,1,0,0,1,0,1,0,1,1,1,0,1,0,1,1,1,1,0,1,0,1,0,1,1,0,1,1,1,1,1,1,1,1,0,0,1,0,0,0,1,1,1,0,1,1,1,1,0
10011541,COP3503,24,COP4600,45,CEN3415,45,CDA3101,67,0,0,1,1,0,1,1,1,0,1,1,0,0,0,1,0,0,1,1,1,1,0,1,0,0,0,0,0,1,1,1,0,0,1,1,1,1,1,0,0,0,0,1,0,0,1,0,1,1,1
10016884,COP3503,24,COP4600,45,CEN3415,45,CDA3101,67,0,1,0,0,0,1,1,1,1,0,0,1,0,0,0,0,0,0,1,1,1,1,0,1,1,1,1,1,1,1,0,1,0,0,0,1,1,0,1,0,0,0,0,1,1,0,0,1,1,1
10005423,COP3503,24,COP4600,45,CEN3415,45,CDA3101,67,0,1,1,0,0,0,0,0,0,1,0,1,1,1,1,1,1,1,1,0,0,0,0,1,0,1,0,1,1,1,0,0,1,0,0,1,1,0,1,0,0,1,0,1,1,1,0,1,0,0
10017806,COP3503,24,COP4600,45,CEN3415,45,CDA3101,67,0,0,0,1,0,1,0,0,0,1,0,1,1,1,0,0,1,0,1,1,0,1,1,0,0,1,1,0,0,1,0,1,0,1,1,1,1,1,0,0,0,0,0,0,0,1,1,0,0,0
10024557,COP3503,24,COP4600,45,CEN3415,45,CDA3101,67,0,1,0,0,0,0,0,0,1,1,0,1,1,1,1,1,1,0,0,1,0,0,1,0,0,1,1,0,0,0,1,1,1,1,0,1,1,1,1,1,0,1,1,1,0,0,0,1,1,0
10019017,COP3503,24,COP4600,45,CEN3415,45,CDA3101,67,0,1,0,0,1,1,0,1,1,1,0,0,0,0,0,0,0,1,0,1,0,1,0,1,1,1,0,0,1,1,0,0,0,1,0,0,1,0,0,0,0,0,1,1,1,1,1,1,0,1
10029758,COP3503,24,COP4600,45,CEN3415,45,CDA3101,67,1,1,1,0,1,0,0,0,1,0,0,0,1,0,0,0,1,1,0,1,0,0,1,1,1,1,1,0,1,0,1,1,0,0,0,1,1,1,0,1,0,1,0,0,1,0,0,1,0,0
10003301,COP3503,24,COP4600,45,CEN3415,45,CDA3101,67,1,0,0,0,0,1,0,0,1,1,0,1,1,1,1,0,1,1,0,1,0,1,0,0,0,1,0,1,0,1,1,1,1,1,0,1,0,0,0,1,0,0,1,1,0,0,0,1,0,0
10009387,COP3503,24,COP4600,45,CEN3415,45,CDA3101,67,0,0,1,0,0,0,1,1,1,0,1,0,0,1,0,1,0,1,1,0,1,0,1,0,1,1,0,1,1,0,0,1,1,1,1,1,1,1,1,0,0,1,1,1,0,0,0,0,0,0
10027430,COP3503,24,COP4600,45,CEN3415,45,CDA3101,67,1,0,1,0,1,0,0,1,0,0,0,0,1,1,1,0,0,1,0,0,0,1,0,1,1,0,1,0,1,0,0,0,1,1,1,1,1,0,1,0,1,0,1,0,0,0,1,1,0,0
10000449,COP3503,24,COP4600,45,CEN3415,45,CDA3101,67,0,1,0,1,0,1,1,1,1,0,0,1,0,1,1,1,0,1,1,1,1,1,0,0,0,0,1,1,1,1,0,0,0,1,0,0,0,0,1,0,1,0,1,1,1,0,1,0,1,1
10014198,COP3503,24,COP4600,45,CEN3415,45,CDA3101,67,1,1,1,0,1,1,1,0,1,1,0,1,0,1,0,0,0,0,0,1,0,1,0,1,1,1,0,0,0,1,1,1,1,1,0,0,1,0,1,1,0,1,0,0,1,0,0,0,1,0
10024122,COP3503,24,COP4600,45,CEN3415,45,CDA3101,67,1,1,0,1,0,1,0,0,0,1,0,0,0,1,1,0,0,0,1,0,0,0,0,1,0,1,0,1,0,1,1,0,1,1,1,0,0,1,0,1,0,0,1,1,1,0,0,0,0,0
10024718,COP3503,24,COP4600,45,CEN3415,45,CDA3101,67,0,1,0,0,1,1,1,0,1,1,0,0,0,1,0,1,1,1,0,1,1,0,1,0,1,1,0,0,0,0,0,0,0,1,0,1,1,0,1,1,0,0,1,0,0,1,0,1,0,0
10012964,COP3503,24,COP4600,45,CEN3415,45,CDA3101,67,0,0,0,0,1,0,0,1,1,0,0,0,1,1,1,0,0,1,1,1,1,0,1,1,0,1,0,0,0,0,1,1,1,1,1,0,0,1,0,1,0,0,0,0,0,0,1,1,0,1
10025764,COP3503,25,COP4600,78,CEN3415,65,CDA3101,89,0,1,0,1,0,0,1,0,1,1,0,1,0,1,1,0,1,1,1,0,1,1,1,1,0,0,1,0,1,1,1,1,1,1,1,0,0,1,0,0,1,1,0,1,0,0,1,0,1,1
10030082,COP3503,25,COP4600,78,CEN3415,65,CDA3101,89,0,0,0,1,1,1,0,1,0,1,1,0,0,0,1,0,0,1,1,1,1,0,0,1,1,1,0,0,0,1,1,1,0,0,1,0,0,0,1,1,1,1,1,0,1,1,0,1,1,0
10005129,COP3503,25,COP4600,78,CEN3415,65,CDA3101,89,1,1,1,1,0,1,1,0,0,0,1,0,0,0,1,1,1,0,1,1,1,1,1,1,0,1,0,1,0,1,0,1,0,0,0,1,1,1,0,1,1,0,0,0,0,0,1,0,1,1
10025104,COP3503,25,COP4600,78,CEN3415,65,CDA3101,89,1,1,0,0,0,1,0,1,0,0,0,0,0,1,0,1,1,1,1,1,1,0,1,0,0,1,0,1,1,0,1,1,1,0,0,0,1,0,1,1,1,0,0,1,1,1,1,1,0,1
10026954,COP3503,25,COP4600,78,CEN3415,65,CDA3101,89,0,0,0,1,1,1,0,0,1,0,1,0,1,0,1,0,1,1,1,1,1,1,1,1,0,0,0,0,0,1,1,1,1,1,1,0,0,0,0,1,1,0,0,1,0,0,0,0,1,1
10023352,COP3503,25,COP4600,78,CEN3415,65,CDA3101,89,0,1,0,1,0,0,0,1,0,0,1,0,0,1,0,0,0,1,0,1,1,0,0,0,1,0,0,0,1,1,0,1,0,1,1,0,1,0,1,1,1,0,0,1,0,0,0,0,1,0
10017695,COP3503,25,COP4600,78,CEN3415,65,CDA3101,89,0,0,1,1,0,0,0,1,0,0,0,1,0,0,0,1,0,0,1,0,0,0,0,1,0,1,1,0,1,1,0,0,0,0,0,0,0,1,1,1,0,1,0,1,1,1,0,1,1,1
10026969,COP3503,25,COP4600,78,CEN3415,65,CDA3101,89,1,0,1,1,1,1,1,0,1,0,0,1,1,0,1,1,0,1,0,1,1,1,0,1,0,1,1,1,0,1,0,0,1,0,0,1,1,1,0,1,0,1,1,1,1,0,1,1,0,0
10015065,COP3503,25,COP4600,78,CEN3415,65,CDA3101,89,0,1,0,1,1,1,1,1,0,1,0,1,1,1,1,1,0,0,1,0,1,0,1,0,1,0,0,0,0,0,0,0,1,0,1,0,1,0,0,1,1,1,0,0,0,0,0,0,1,1
10004330,COP3503,25,COP4600,78,CEN3415,65,CDA3101,89,0,0,0,1,1,0,1,1,0,0,1,1,0,0,0,1,0,0,1,0,1,0,0,1,0,1,1,1,1,0,1,0,0,1,0,1,0,0,1,0,0,1,0,1,1,1,0,1,1,0
10024082,COP3503,25,COP4600,78,CEN3415,65,CDA3101,89,1,1,0,1,0,1,1,0,0,1,1,0,1,1,0,1,0,1,1,1,1,0,0,0,1,0,0,1,1,1,1,1,0,1,0,0,0,1,0,0,1,0,1,1,1,0,1,0,1,0
10015654,COP3503,25,COP4600,78,CEN3415,65,CDA3101,89,0,1,1,0,0,0,0,0,0,0,1,1,1,0,1,0,1,0,0,1,1,1,1,1,0,0,1,1,0,0,1,1,0,1,0,0,1,0,1,0,0,0,1,1,0,0,1,0,1,0
10015544,COP3503,25,COP4600,78,CEN3415,65,CDA3101,89,0,1,0,1,1,0,0,0,0,0,0,0,0,0,1,1,1,0,0,0,0,0,1,1,1,0,1,1,0,1,1,1,1,1,0,0,1,1,1,1,0,1,0,1,1,1,0,0,0,1
10001349,COP3503,25,COP4600,78,CEN3415,65,CDA3101,89,0,0,1,1,1,1,1,1,0,0,1,1,1,1,0,0,0,1,0,1,0,0,0,0,1,1,0,1,0,1,1,1,0,0,1,1,0,0,0,0,0,1,1,0,0,0,1,0,0,1
10028894,COP3503,25,COP4600,78,CEN3415,65,CDA3101,89,0,0,0,1,1,0,0,1,0,0,0,0,1,1,1,1,1,0,1,0,1,0,0,0,0,0,0,1,1,1,0,1,1,0,0,1,1,0,0,0,0,0,1,0,0,1,0,0,1,1
10031714,COP3503,25,COP4600,78,CEN3415,65,CDA3101,89,0,1,1,1,0,0,0,0,0,0,1,1,0,1,0,1,0,1,1,0,1,0,1,1,0,0,1,1,1,0,0,1,1,0,0,0,0,0,0,0,0,1,1,0,1,1,1,1,1,0
10003031,COP3503,25,COP4600,78,CEN3415,65,CDA3101,89,1,0,0,1,0,1,1,1,0,1,1,1,0,1,1,0,0,0,0,1,0,0,1,1,1,1,1,1,1,0,0,1,1,0,0,0,1,1,0,1,1,1,0,0,1,0,1,1,1,0
10020393,COP3503,25,COP4600,78,CEN3415,65,CDA3101,89,0,1,0,1,1,0,0,0,0,1,0,0,0,0,1,1,0,1,0,0,1,0,0,0,1,0,1,0,0,1,0,0,0,0,1,0,1,0,1,0,0,1,0,0,0,1,0,0,1,1
10006261,COP3503,25,COP4600,78,CEN3415,65,CDA3101,89,0,1,0,0,0,0,1,0,0,0,1,0,1,0,1,0,0,1,0,1,1,1,0,0,1,0,0,1,0,1,1,0,1,1,0,0,0,0,0,0,0,1,1,1,0,0,0,0,1,1
10006498,COP3503,25,COP4600,78,CEN3415,65,CDA3101,89,1,1,0,0,1,0,0,1,0,0,1,1,0,1,1,0,1,1,0,1,0,1,0,1,1,0,1,1,0,0,1,0,0,1,1,0,1,1,0,1,0,0,1,1,1,0,1,0,0,0
10009364,COP3503,25,COP4600,78,CEN3415,65,CDA3101,89,0,1,0,1,0,1,1,0,0,0,0,0,0,0,1,1,0,1,1,0,0,0,0,0,1,1,1,0,1,1,1,1,0,0,0,0,1,1,1,1,1,1,0,0,1,0,1,1,0,1
10005871,COP3503,25,COP4600,78,CEN3415,65,CDA3101,89,0,0,0,1,1,1,1,1,0,1,0,0,1,0,1,1,0,0,0,0,1,0,1,0,0,1,0,0,1,1,0,1,0,0,0,0,0,1,0,0,0,0,1,0,0,0,1,1,1,1
10014902,COP3503,25,COP4600,78,CEN3415,65,CDA3101,89,1,0,1,0,0,1,0,0,1,1,1,1,1,0,0,1,1,1,1,0,1,1,1,0,0,0,0,0,1,0,0,1,1,0,0,1,0,1,1,1,0,1,0,1,1,1,1,1,1,0
10005079,COP3503,25,COP4600,78,CEN3415,65,CDA3101,89,1,1,1,0,0,1,1,1,1,0,1,1,0,0,0,1,1,0,0,1,0,0,1,1,1,0,1,1,1,1,1,0,0,0,0,0,1,0,1,1,0,0,1,1,1,0,0,1,0,0
10032467,COP3503,25,COP4600,78,CEN3415,65,CDA3101,89,0,0,0,0,0,1,0,1,0,0,1,1,1,1,1,1,1,0,1,1,0,0,0,0,1,1,1,1,1,0,1,1,0,0,0,1,1,0,1,0,1,1,1,0,1,1,1,1,1,0
10012152,COP3503,25,COP4600,78,CEN3415,65,CDA3101,89,1,1,0,1,0,1,0,0,1,1,0,0,0,0,0,0,0,1,1,0,0,0,1,0,1,0,1,0,0,1,0,0,0,0,0,1,1,1,1,1,1,1,1,0,1,0,0,1,0,1
10025519,COP3503,25,COP4600,78,CEN3415,65,CDA3101,89,0,1,1,0,0,0,0,0,1,1,1,1,0,1,1,1,1,1,0,0,0,1,0,1,1,0,0,0,0,1,1,0,1,0,1,1,1,0,0,1,0,0,1,0,0,0,1,1,0,1
10024054,COP3503,25,COP4600,78,CEN3415,65,CDA3101,89,1,0,1,0,1,0,1,0,1,0,1,1,0,1,0,0,0,1,1,0,0,0,1,0,0,1,1,0,1,0,0,1,0,0,1,1,1,1,0,1,1,0,0,1,1,1,1,0,0,1
10031831,COP3503,25,COP4600,78,CEN3415,65,CDA3101,89,0,0,0,0,0,1,0,0,1,1,0,0,0,1,0,1,1,1,1,1,0,0,0,0,1,1,1,0,0,1,1,1,1,1,0,1,1,0,1,1,0,0,1,0,1,1,0,0,1,1
10015481,COP3503,25,COP4600,78,CEN3415,65,CDA3101,89,0,1,0,0,0,0,1,1,1,1,0,0,1,0,0,1,0,0,1,1,1,1,1,1,0,0,1,1,1,0,1,1,1,0,0,1,0,1,1,1,0,1,0,1,0,1,1,1,0,0
10016531,COP3503,25,COP4600,78,CEN3415,65,CDA3101,89,0,0,1,1,0,0,0,1,1,0,0,0,0,1,1,0,0,1,0,0,0,1,0,0,1,1,1,1,1,1,1,0,1,0,0,1,1,0,0,0,0,0,1,0,0,0,0,1,1,0
10027237,COP3503,25,COP4600,78,CEN3415,65,CDA3101,89,0,1,0,1,1,0,0,1,1,0,0,1,0,1,1,0,1,1,0,1,0,0,1,1,0,0,1,0,1,1,1,1,1,0,1,0,1,0,0,0,0,1,0,0,1,0,1,0,0,1
10017766,COP3503,25,COP4600,78,CEN3415,65,CDA3101,89,0,1,0,1,1,1,1,1,0,1,1,0,0,0,1,1,1,1,1,0,0,1,0,1,0,0,1,0,1,0,1,1,0,1,1,0,0,1,1,0,0,0,1,1,0,0,0,0,0,1
10024709,COP3503,25,COP4600,78,CEN3415,65,CDA3101,89,1,0,0,1,1,1,1,1,0,0,0,0,1,0,0,1,0,0,0,1,0,0,1,0,0,0,1,0,1,0,1,0,0,0,0,1,0,1,0,0,1,0,0,1,1,1,1,1,0,1
10025854,COP3503,25,COP4600,78,CEN3415,65,CDA3101,89,0,0,1,1,1,0,1,1,1,1,1,0,1,1,0,0,1,0,1,1,0,1,0,1,0,0,0,0,0,0,1,1,0,1,0,1,0,0,0,1,1,0,1,1,1,1,1,1,0,0
10001128,COP3503,25,COP4600,78,CEN3415,65,CDA3101,89,1,1,1,1,0,0,0,1,0,0,1,0,0,0,1,0,0,0,0,1,1,1,0,1,0,1,0,1,0,0,0,1,1,0,1,0,1,1,1,0,0,0,0,1,1,1,1,1,0,0
10028573,COP3503,25,COP4600,78,CEN3415,65,CDA3101,89,0,0,0,1,0,1,1,0,0,0,0,0,0,0,1,0,0,1,0,0,1,0,0,1,1,1,1,1,1,0,0,1,1,1,0,1,0,1,0,1,1,0,1,1,1,1,0,1,1,0
10018779,COP3503,25,COP4600,78,CEN3415,65,CDA3101,89,0,1,0,1,0,0,0,0,1,0,0,0,0,0,1,1,1,1,0,0,1,0,1,1,1,1,0,0,0,1,1,1,1,1,0,0,1,0,0,1,1,0,0,1,0,1,1,0,0,0
10026599,COP3503,25,COP4600,78,CEN3415,65,CDA3101,89,0,0,1,0,0,0,1,1,1,1,0,0,1,0,1,0,1,0,0,0,1,1,1,1,0,1,0,0,1,0,1,0,1,0,1,1,1,0,0,1,0,1,1,0,1,1,1,1,1,1
10025036,COP3503,25,COP4600,78,CEN3415,65,CDA3101,89,1,1,1,1,0,0,0,1,1,0,0,0,1,1,1,0,1,1,0,1,0,0,1,1,0,0,0,1,0,0,0,0,1,1,1,1,1,1,1,0,0,1,0,0,1,1,1,1,1,1
10002832,COP3503,25,COP4600,78,CEN3415,65,CDA3101,89,1,1,1,1,0,1,1,1,0,1,1,0,1,0,0,1,0,0,1,1,0,0,1,0,1,1,1,1,0,0,1,0,1,1,0,0,0,0,1,0,1,1,1,1,1,1,1,0,0,0
10008946,COP3503,25,COP4600,78,CEN3415,65,CDA3101,89,1,0,0,1,0,1,1,0,1,1,1,1,1,0,1,0,0,1,0,0,1,1,0,0,1,1,0,0,0,1,1,0,1,1,1,1,0,1,1,1,1,1,1,1,1,1,0,0,1,0
10002532,COP3503,25,COP4600,78,CEN3415,65,CDA3101,89,0,0,1,0,1,0,1,0,0,1,0,0,1,1,1,0,1,1,1,0,0,1,0,1,1,0,0,0,0,1,1,0,0,1,0,1,1,0,1,0,1,1,1,0,1,1,1,0,1,1
10006674,COP3503,25,COP4600,78,CEN3415,65,CDA3101,89,0,0,1,1,1,1,0,1,0,0,0,0,1,1,1,1,1,1,1,0,1,0,0,0,0,0,1,1,0,1,1,0,0,0,0,0,0,1,1,0,0,1,0,0,0,1,0,1,1,1
10029093,COP3503,25,COP4600,78,CEN3415,65,CDA3101,89,0,0,0,0,0,1,0,0,1,0,0,0,1,1,0,1,1,0,1,0,0,1,0,0,1,0,1,1,1,1,1,1,1,0,1,1,1,0,0,0,0,1,1,0,0,0,1,0,1,0
10015809,COP3503,25,COP4600,78,CEN3415,65,CDA3101,89,0,1,1,0,0,0,0,0,1,1,0,0,1,0,0,1,0,1,0,1,0,0,1,0,1,1,0,1,0,0,0,0,1,1,1,1,1,0,1,0,1,1,1,1,0,0,0,1,1,1
10025637,COP3503,25,COP4600,78,CEN3415,65,CDA3101,89,0,0,1,1,1,1,0,0,1,1,0,1,1,0,1,0,1,0,0,0,0,0,1,0,0,1,0,1,1,0,1,0,1,1,1,1,1,0,0,1,0,1,0,0,1,1,0,0,0,1
10028384,COP3503,25,COP4600,78,CEN3415,65,CDA3101,89,1,1,0,0,1,0,0,0,1,1,1,0,0,0,1,1,0,1,1,1,1,0,0,0,1,0,0,0,1,0,0,0,1,1,0,1,0,0,1,0,0,1,0,0,0,0,0,0,1,1
10029874,COP3503,25,COP4600,78,CEN3415,65,CDA3101,89,1,1,0,0,0,1,0,1,1,0,1,0,0,1,1,1,0,1,0,1,0,1,0,1,1,1,0,1,0,0,0,0,1,0,1,1,1,0,0,0,0,1,1,0,1,0,0,1,1,1
10029779,COP3503,25,COP4600,78,CEN3415,65,CDA3101,89,1,0,1,0,0,0,0,1,0,1,0,1,1,0,1,1,1,1,0,1,1,1,1,0,0,0,1,0,1,0,1,0,1,1,0,0,1,1,0,0,0,1,1,1,0,0,1,0,1,1